{"cameraMode":{"drawMode":0,"name":"Shaded","section":"Shading Mode"},"sceneLighting":true,"audioPlay":false,"sceneViewState":{"m_AlwaysRefresh":false,"showFog":true,"showSkybox":true,"showFlares":true,"showImageEffects":true,"showParticleSystems":true,"showVisualEffectGraphs":true,"m_FxEnabled":true},"in2DMode":false,"pivot":{"x":1.221989393234253,"y":0.14374572038650514,"z":-3.4379184246063234},"rotation":{"x":0.2327294796705246,"y":0.06995290517807007,"z":-0.016786787658929826,"w":0.96989905834198},"size":1.3324313163757325,"orthographic":false}