{"cameraMode":{"drawMode":0,"name":"Shaded","section":"Shading Mode"},"sceneLighting":true,"audioPlay":false,"sceneViewState":{"m_AlwaysRefresh":false,"showFog":true,"showSkybox":true,"showFlares":true,"showImageEffects":true,"showParticleSystems":true,"showVisualEffectGraphs":true,"m_FxEnabled":true},"in2DMode":false,"pivot":{"x":1.999999761581421,"y":0.11518049240112305,"z":4.000001430511475},"rotation":{"x":0.23050151765346528,"y":0.0801737830042839,"z":-0.019060106948018075,"w":0.9695890545845032},"size":0.9288385510444641,"orthographic":false}