{"cameraMode":{"drawMode":0,"name":"Shaded","section":"Shading Mode"},"sceneLighting":true,"audioPlay":false,"sceneViewState":{"m_AlwaysRefresh":false,"showFog":true,"showSkybox":true,"showFlares":true,"showImageEffects":true,"showParticleSystems":true,"showVisualEffectGraphs":true,"m_FxEnabled":true},"in2DMode":false,"pivot":{"x":-0.6633967161178589,"y":0.5262994766235352,"z":1.6849195957183838},"rotation":{"x":0.0015024659223854542,"y":0.9096341729164124,"z":-0.415416955947876,"w":0.003283480880782008},"size":6.133625030517578,"orthographic":false}