{"cameraMode":{"drawMode":0,"name":"Shaded","section":"Shading Mode"},"sceneLighting":true,"audioPlay":false,"sceneViewState":{"m_AlwaysRefresh":false,"showFog":true,"showSkybox":true,"showFlares":true,"showImageEffects":true,"showParticleSystems":true,"showVisualEffectGraphs":true,"m_FxEnabled":true},"in2DMode":false,"pivot":{"x":-1.9187959432601929,"y":0.7881954908370972,"z":-2.779923915863037},"rotation":{"x":-0.25481534004211428,"y":-0.49659764766693118,"z":0.15525998175144196,"w":-0.8151002526283264},"size":0.836901843547821,"orthographic":false}