{"cameraMode":{"drawMode":0,"name":"Shaded","section":"Shading Mode"},"sceneLighting":true,"audioPlay":false,"sceneViewState":{"m_AlwaysRefresh":false,"showFog":true,"showSkybox":true,"showFlares":true,"showImageEffects":true,"showParticleSystems":true,"showVisualEffectGraphs":true,"m_FxEnabled":true},"in2DMode":false,"pivot":{"x":-0.8136590719223023,"y":-0.5345504283905029,"z":-2.652595043182373},"rotation":{"x":-0.042880959808826449,"y":0.9570642709732056,"z":-0.19740629196166993,"w":-0.20789527893066407},"size":2.515314817428589,"orthographic":false}